mesh_n,fc_disp_max,os_disp_max,disp_rel_max
8,0.00100063405148,0.0010006339542291533,3.236097927103115e-07
16,0.000288734772417,0.0002887346338226057,6.000106527450038e-07
24,0.000133918980012,0.00013391888103753306,8.74702450226265e-07
