mesh_n,fc_disp_max,os_disp_max,disp_rel_max
8,0.000707636930164,0.0007076482094544736,4.709467269704927e-05
16,0.000630325289331,0.0006303382495190159,2.056068789395627e-05
24,0.000484930655398,0.00048493767148606137,1.4468020271318213e-05
