mesh_n,fc_disp_max,os_disp_max,disp_rel_max
8,0.00495546368811,0.004955463421622117,5.377657869136334e-08
16,0.0046234685898,0.004623468545758854,9.760358669639895e-09
24,0.0048260888125,0.00482608879884897,2.828590705551836e-09
