mesh_n,fc_disp_max,os_disp_max,disp_rel_max
8,0.0,0.0010006339542291533,1.0
16,0.0,0.0002887346338226057,1.0
24,0.0,0.00013391888103753306,1.0
