mesh_n,fc_disp_max,os_disp_max,disp_rel_max
8,0.000915894690318,0.000915894690321744,4.8166129427789924e-12
16,0.000938134568585,0.0009381345685821762,3.29270502662281e-12
24,0.000943109401319,0.0009431094012954737,2.49454832581399e-11
