mesh_n,fc_disp_max,os_disp_max,disp_rel_max
8,0.0,0.004955463421622117,1.0
16,0.0,0.004623468545758854,1.0
24,0.0,0.00482608879884897,1.0
