{
  "disp": {
    "0": [
      0.0,
      0.0,
      0.0,
      0.0,
      0.0,
      0.0
    ],
    "1": [
      0.0,
      0.0,
      0.0,
      0.0,
      0.0,
      0.0
    ],
    "2": [
      0.0052836970474968836,
      0.0,
      -2.096705177578037e-05,
      0.0,
      3.019255455712473e-06,
      0.0
    ],
    "3": [
      0.005283697047496891,
      0.0,
      -0.02331236628155755,
      0.0,
      3.0192554557124758e-06,
      0.0
    ]
  },
  "freq": [],
  "freqerr": null,
  "mf": {
    "0": [
      44.929396662386516,
      0.0,
      -2.4696678987571174e-12,
      -0.0,
      134788.1899871683,
      0.0,
      -44.929396662386516,
      0.0,
      2.4696678987571174e-12,
      0.0,
      -134788.18998715965,
      0.0
    ],
    "1": [
      49955.07060333761,
      0.0,
      -2.5943986007145475e-12,
      -0.0,
      134788.18998716865,
      0.0,
      -49955.07060333761,
      0.0,
      2.5943986007145475e-12,
      0.0,
      -134788.18998715957,
      0.0
    ],
    "2": [
      -9.75781955236954e-12,
      0.0,
      44.92939666238645,
      -0.0,
      -134788.18998715945,
      0.0,
      9.75781955236954e-12,
      0.0,
      -44.92939666238645,
      0.0,
      -134788.18998715928,
      0.0
    ]
  },
  "rf": {
    "0": [
      -2.4696678987571174e-12,
      0.0,
      44.929396662386516,
      0.0,
      -134788.1899871683,
      0.0
    ],
    "1": [
      -2.5943986007145475e-12,
      0.0,
      49955.07060333761,
      0.0,
      -134788.18998716865,
      0.0
    ],
    "2": [
      -7.288151653612423e-12,
      0.0,
      -6.394884621840902e-14,
      0.0,
      2.0372681319713593e-10,
      0.0
    ],
    "3": [
      1.2352218153084087e-11,
      0.0,
      1.7195134205394424e-12,
      0.0,
      2.9103830456733704e-10,
      0.0
    ]
  },
  "runtime_ms": 0.14230000670067966,
  "sf": {},
  "status": 0
}