{
  "disp": {
    "0": [
      0.0,
      0.0,
      0.0,
      0.0,
      0.0,
      0.0
    ],
    "1": [
      0.0,
      0.0,
      0.0,
      0.0,
      0.0,
      0.0
    ],
    "2": [
      -2.1560097775433803e-18,
      0.0,
      -0.0016624999999999997,
      0.0,
      -5.057732670644119e-22,
      0.0
    ],
    "3": [
      -2.281740307807922e-18,
      0.0,
      -0.0016624999999999995,
      0.0,
      -5.292268076624028e-22,
      0.0
    ]
  },
  "freq": [],
  "freqerr": null,
  "mf": {
    "0": [
      3562.5,
      0.0,
      5.5579004089533224e-14,
      -0.0,
      -1.1984242086491581e-10,
      0.0,
      -3562.5,
      0.0,
      -5.5579004089533224e-14,
      0.0,
      -7.468409344845046e-11,
      0.0
    ],
    "1": [
      3562.4999999999995,
      0.0,
      5.928250995912758e-14,
      -0.0,
      -1.2737058919911625e-10,
      0.0,
      -3562.4999999999995,
      0.0,
      -5.928250995912758e-14,
      0.0,
      -8.011819565783027e-11,
      0.0
    ],
    "2": [
      1.5716316283067713e-13,
      0.0,
      2.507083150766791e-14,
      -0.0,
      -7.460172523659772e-11,
      0.0,
      -1.5716316283067713e-13,
      0.0,
      -2.507083150766791e-14,
      0.0,
      -7.582326380940975e-11,
      0.0
    ]
  },
  "rf": {
    "0": [
      5.5579004089533224e-14,
      0.0,
      4875.0,
      0.0,
      1.1984242086491581e-10,
      0.0
    ],
    "1": [
      5.928250995912758e-14,
      0.0,
      4875.0,
      0.0,
      1.2737058919911625e-10,
      0.0
    ],
    "2": [
      1.0158415874114391e-13,
      0.0,
      2.507083150766791e-14,
      0.0,
      8.236821185274042e-14,
      0.0
    ],
    "3": [
      -2.164456727898047e-13,
      0.0,
      4.296765193787962e-13,
      0.0,
      4.294931848420519e-12,
      0.0
    ]
  },
  "runtime_ms": 0.47969998558983207,
  "sf": {},
  "status": 0
}