{
  "disp": {
    "0": [
      0.0,
      0.0,
      0.0,
      0.0,
      0.0,
      0.0
    ],
    "1": [
      0.0,
      0.0,
      0.0,
      0.0,
      0.0,
      0.0
    ],
    "2": [
      0.0003162057697692704,
      0.0,
      -0.0011200000000000006,
      0.0,
      1.051007749043037e-05,
      0.0
    ],
    "3": [
      -0.00031620576976951843,
      0.0,
      -0.0011199999999999986,
      0.0,
      -1.0510077490430426e-05,
      0.0
    ]
  },
  "freq": [],
  "freqerr": null,
  "mf": {
    "0": [
      2400.0000000000014,
      0.0,
      790.5144244234932,
      -0.0,
      -914200.3547754716,
      0.0,
      -2400.0000000000014,
      0.0,
      -790.5144244234932,
      0.0,
      -1852600.1307067547,
      0.0
    ],
    "1": [
      2399.9999999999973,
      0.0,
      -790.5144244234868,
      -0.0,
      914200.3547754576,
      0.0,
      -2399.9999999999973,
      0.0,
      790.5144244234868,
      0.0,
      1852600.130706746,
      0.0
    ],
    "2": [
      790.5144244234862,
      0.0,
      2400.0000000000014,
      -0.0,
      -1852600.1307067545,
      0.0,
      -790.5144244234862,
      0.0,
      2399.9999999999986,
      0.0,
      1852600.1307067457,
      0.0
    ]
  },
  "rf": {
    "0": [
      790.5144244234932,
      0.0,
      2400.0000000000014,
      0.0,
      914200.3547754716,
      0.0
    ],
    "1": [
      -790.5144244234868,
      0.0,
      2399.9999999999973,
      0.0,
      -914200.3547754576,
      0.0
    ],
    "2": [
      -7.048583938740194e-12,
      0.0,
      0.0,
      0.0,
      2.3283064365386963e-10,
      0.0
    ],
    "3": [
      6.821210263296962e-13,
      0.0,
      1.3642420526593924e-12,
      0.0,
      -2.3283064365386963e-10,
      0.0
    ]
  },
  "runtime_ms": 0.27069999487139285,
  "sf": {},
  "status": 0
}