{
  "disp": {
    "0": [
      0.0,
      0.0,
      0.0,
      0.0,
      0.0,
      0.0
    ],
    "1": [
      0.0,
      0.0,
      0.0,
      0.0,
      0.0,
      0.0
    ],
    "2": [
      0.4752657650385858,
      -0.23980222397931006,
      0.002631364997860555,
      0.00012530536153418096,
      0.00010943653525720707,
      -8.577145023970303e-05
    ],
    "3": [
      0.4851929427064043,
      -0.8577977760206906,
      -0.014298031664527418,
      0.00034509463846581944,
      0.00011273034535897173,
      -8.577145023970305e-05
    ]
  },
  "freq": [],
  "freqerr": null,
  "mf": {
    "0": [
      -5638.639281129761,
      -897.2816892635592,
      -12408.972084772895,
      2691845.06779068,
      26601260.75804931,
      -7164232.310415736,
      5638.639281129761,
      897.2816892635592,
      12408.972084772895,
      -2691845.06779068,
      16830141.53865582,
      4023746.3979932796
    ],
    "1": [
      30638.63928113019,
      -11102.718310736442,
      -12591.027915227574,
      2691845.067790681,
      27066903.555173777,
      -34835767.689584285,
      -30638.63928113019,
      11102.718310736442,
      12591.027915227574,
      -2691845.067790681,
      17001694.148122728,
      -4023746.397993259
    ],
    "2": [
      -12408.972084773095,
      897.2816892635617,
      -5638.63928112976,
      -4023746.3979932778,
      16830141.538655825,
      2691845.0677906857,
      12408.972084773095,
      -897.2816892635617,
      5638.63928112976,
      4023746.3979932778,
      17001694.148122735,
      2691845.0677906843
    ]
  },
  "rf": {
    "0": [
      -12408.972084772895,
      897.2816892635592,
      -5638.639281129761,
      -7164232.310415736,
      -26601260.75804931,
      2691845.06779068
    ],
    "1": [
      -12591.027915227574,
      11102.718310736442,
      30638.63928113019,
      -34835767.689584285,
      -27066903.555173777,
      2691845.067790681
    ],
    "2": [
      -2.000888343900442e-10,
      2.5011104298755527e-12,
      9.094947017729282e-13,
      1.862645149230957e-09,
      3.725290298461914e-09,
      5.587935447692871e-09
    ],
    "3": [
      6.693881005048752e-10,
      -3.410605131648481e-12,
      -4.283720045350492e-10,
      1.862645149230957e-08,
      7.450580596923828e-09,
      3.259629011154175e-09
    ]
  },
  "runtime_ms": 0.14540000120177865,
  "sf": {},
  "status": 0
}