{
  "disp": {
    "0": [
      0.0,
      0.0,
      0.0,
      0.0,
      0.0,
      0.0
    ],
    "1": [
      0.0,
      0.0,
      0.0,
      0.0,
      0.0,
      0.0
    ]
  },
  "freq": [
    12.266935518146715,
    36.80080655444014,
    56.21416055704967
  ],
  "freqerr": null,
  "mf": {
    "0": [
      0.0,
      0.0,
      0.0,
      -0.0,
      0.0,
      0.0,
      0.0,
      0.0,
      0.0,
      0.0,
      0.0,
      0.0
    ]
  },
  "rf": {
    "0": [
      0.0,
      0.0,
      0.0,
      0.0,
      0.0,
      0.0
    ],
    "1": [
      0.0,
      0.0,
      0.0,
      0.0,
      0.0,
      0.0
    ]
  },
  "runtime_ms": 0.4799999878741801,
  "sf": {},
  "status": 0
}