{
  "disp": {
    "0": [
      0.0,
      0.0,
      0.0,
      0.0,
      6.96757898403989e-05,
      0.0
    ],
    "1": [
      0.0,
      0.0,
      0.0,
      0.0,
      -6.96757898403989e-05,
      0.0
    ]
  },
  "freq": [],
  "freqerr": null,
  "mf": {
    "0": [
      0.0,
      0.0,
      8000.0,
      -0.0,
      0.0,
      0.0,
      0.0,
      0.0,
      8000.0,
      0.0,
      0.0,
      0.0
    ]
  },
  "rf": {
    "0": [
      0.0,
      0.0,
      8000.0,
      0.0,
      0.0,
      0.0
    ],
    "1": [
      0.0,
      0.0,
      8000.0,
      0.0,
      0.0,
      0.0
    ]
  },
  "runtime_ms": 0.1331999956164509,
  "sf": {},
  "status": 0
}