{
  "disp": {
    "0": [
      0.0,
      0.0,
      0.0,
      0.0,
      0.0,
      0.0
    ],
    "1": [
      0.008818342151675485,
      0.0,
      0.0,
      0.0,
      0.0,
      0.0
    ]
  },
  "freq": [],
  "freqerr": null,
  "mf": {
    "0": [
      -25000.0,
      0.0,
      0.0,
      -0.0,
      0.0,
      0.0,
      25000.0,
      0.0,
      0.0,
      0.0,
      0.0,
      0.0
    ]
  },
  "rf": {
    "0": [
      -25000.0,
      0.0,
      0.0,
      0.0,
      0.0,
      0.0
    ],
    "1": [
      0.0,
      12000.0,
      25000.0,
      0.0,
      0.0,
      0.0
    ]
  },
  "runtime_ms": 0.12929999502375722,
  "sf": {},
  "status": 0
}