{
  "disp": {
    "0": [
      0.0,
      0.0,
      0.0,
      0.0,
      4.180547390423934e-05,
      0.0
    ],
    "1": [
      0.0,
      0.0,
      0.0,
      0.0,
      -1.3935157968079782e-05,
      0.0
    ],
    "2": [
      0.0,
      0.0,
      0.0,
      0.0,
      1.393515796807978e-05,
      0.0
    ],
    "3": [
      0.0,
      0.0,
      0.0,
      0.0,
      -4.1805473904239334e-05,
      0.0
    ]
  },
  "freq": [],
  "freqerr": null,
  "mf": {
    "0": [
      0.0,
      0.0,
      6400.0,
      -0.0,
      0.0,
      0.0,
      0.0,
      0.0,
      9600.0,
      0.0,
      32000000.0,
      0.0
    ],
    "1": [
      0.0,
      0.0,
      8000.0,
      -0.0,
      -32000000.000000004,
      0.0,
      0.0,
      0.0,
      8000.0,
      0.0,
      32000000.0,
      0.0
    ],
    "2": [
      0.0,
      0.0,
      9600.0,
      -0.0,
      -32000000.0,
      0.0,
      0.0,
      0.0,
      6400.0,
      0.0,
      3.725290298461914e-09,
      0.0
    ]
  },
  "rf": {
    "0": [
      0.0,
      0.0,
      6400.0,
      0.0,
      0.0,
      0.0
    ],
    "1": [
      0.0,
      0.0,
      17600.0,
      0.0,
      -3.725290298461914e-09,
      0.0
    ],
    "2": [
      0.0,
      0.0,
      17600.0,
      0.0,
      0.0,
      0.0
    ],
    "3": [
      0.0,
      0.0,
      6400.0,
      0.0,
      3.725290298461914e-09,
      0.0
    ]
  },
  "runtime_ms": 0.14239997835829854,
  "sf": {},
  "status": 0
}