{
  "disp": {
    "0": [
      0.0,
      0.0,
      0.0,
      0.0,
      0.0,
      0.0
    ],
    "1": [
      -0.22634663464485927,
      -0.6805504475578418,
      0.3693726505195469,
      0.0002433655364964054,
      -0.00025559181886025895,
      -0.0003716179305743422
    ],
    "2": [
      -0.590650236485804,
      -2.3683514085267867,
      1.096817232678702,
      0.00043488132059182487,
      -0.00029753289101453644,
      -0.0006185755241954812
    ],
    "3": [
      -0.8409207985822746,
      -4.607545093543311,
      1.7389580877782178,
      0.0005877484317406141,
      -0.00019737137095722108,
      -0.00075659640811317
    ],
    "4": [
      -0.9189657789562613,
      -7.023075272617985,
      2.0180383309296355,
      0.0007120344886582796,
      -1.6263306164362685e-05,
      -0.0007980391406721821
    ],
    "5": [
      -0.8829672374427596,
      -9.297180871595929,
      1.799033300694059,
      0.0008152131102824127,
      0.0001925136721632585,
      -0.0007511040163043957
    ],
    "6": [
      -0.8431638883226261,
      -11.148131133426666,
      1.0737880299890854,
      0.0009029697238510917,
      0.0003804604850293599,
      -0.0006191603097145358
    ],
    "7": [
      -0.9058831694624317,
      -12.310556956964584,
      -0.04652113594416665,
      0.0009802341075797218,
      0.0005003091685763996,
      -0.0004003615026459398
    ],
    "8": [
      -1.1202415754231567,
      -12.516649427761072,
      -1.329806681870202,
      0.0010523164366116305,
      0.0005022926521043813,
      -8.767084230745617e-05
    ],
    "9": [
      -1.4214217507263018,
      -11.477442262951689,
      -2.4123260530870674,
      0.0011259772917855198,
      0.0003305620121180345,
      0.00033069276618600293
    ],
    "10": [
      -1.56470563178546,
      -8.863381530137808,
      -2.779515880012568,
      0.0012102871984735965,
      -7.995306667224169e-05,
      0.0008705021858729952
    ],
    "11": [
      -1.045317603208829,
      -4.283418078546518,
      -1.739741401945802,
      0.0013172119212443135,
      -0.0008060633439200666,
      0.0015506429010023616
    ],
    "12": [
      0.0,
      0.0,
      0.0,
      0.0,
      0.0,
      0.0
    ]
  },
  "freq": [],
  "freqerr": null,
  "mf": {
    "0": [
      1226.4007993926873,
      264.0441905293449,
      -515.2484592528543,
      -56472.56702265501,
      2357412.784833975,
      3170756.4286050736,
      -1226.4007993926873,
      -264.0441905293449,
      515.2484592528543,
      56472.56702265501,
      -847804.7077240839,
      -2397142.775659766
    ],
    "1": [
      1265.6762945090788,
      264.04419052934253,
      -409.3939582239827,
      -259546.4540649319,
      847804.7077240812,
      2383719.4205497894,
      -1265.6762945090788,
      -264.04419052934253,
      409.3939582239827,
      259546.4540649319,
      296486.1924840867,
      -1645693.4716903944
    ],
    "2": [
      1298.1548731218525,
      264.0441905293634,
      -290.40285965207516,
      -410860.39349213947,
      -296486.19248408894,
      1614578.9239432039,
      -1298.1548731218525,
      -264.0441905293634,
      290.40285965207516,
      410860.39349213947,
      1075459.9157912466,
      -906309.4307959694
    ],
    "3": [
      1320.6525596906174,
      264.0441905293531,
      -159.4261963597627,
      -499239.94375280826,
      -1075459.9157912515,
      860791.801687235,
      -1320.6525596906174,
      -264.0441905293531,
      159.4261963597627,
      499239.94375280826,
      1489116.4621988675,
      -175687.28030173015
    ],
    "4": [
      1330.1038038270551,
      264.0441905294061,
      -19.07266414611588,
      -515001.22649747564,
      -1489116.4621988772,
      121984.74742452888,
      -1330.1038038270551,
      -264.0441905294061,
      19.07266414611588,
      515001.22649747564,
      1537455.831707609,
      547231.1311151359
    ],
    "5": [
      1324.2029191900438,
      264.04419052944024,
      126.59590941122141,
      -452024.53564989433,
      -1537455.831707611,
      -600301.5853102001,
      -1324.2029191900438,
      -264.04419052944024,
      -126.59590941122141,
      452024.53564989433,
      1220478.0243144492,
      1261429.9658256723
    ],
    "6": [
      1302.0310466463359,
      264.0441905293651,
      272.49779640210295,
      -309515.21921597695,
      -1220478.0243144506,
      -1303737.7299848958,
      -1302.0310466463359,
      -264.0441905293651,
      -272.49779640210295,
      309515.21921597695,
      538183.0400236667,
      1964866.1105001797
    ],
    "7": [
      1264.3920298300002,
      264.0441905298176,
      413.3433081376765,
      -92639.96787983565,
      -538183.0400236682,
      -1986936.4205906205,
      -1264.3920298300002,
      -264.0441905298176,
      -413.3433081376765,
      92639.96787983565,
      -509429.12118023576,
      2656152.2991313282
    ],
    "8": [
      1213.6728673042503,
      264.0441905293337,
      544.5530889237978,
      188370.1262534798,
      509429.1211802268,
      -2651083.5323249637,
      -1213.6728673042503,
      -264.0441905293337,
      -544.5530889237978,
      -188370.1262534798,
      -1922358.4592891177,
      3336188.0537104183
    ],
    "9": [
      1153.2817982308027,
      264.0441905299514,
      662.9336236556564,
      520308.7186286924,
      1922358.459289121,
      -3300744.2905356735,
      -1153.2817982308027,
      -264.0441905299514,
      -662.9336236556564,
      -520308.7186286924,
      -3700604.9742967514,
      4009013.783684485
    ],
    "10": [
      1086.9209432762425,
      264.0441905301071,
      766.9046606752246,
      889400.3865595314,
      3700604.9742967524,
      -3943587.152940981,
      -1086.9209432762425,
      -264.0441905301071,
      -766.9046606752246,
      -889400.3865595314,
      -5844168.666210767,
      4681613.101802513
    ],
    "11": [
      35386.26855435419,
      -11735.955809469839,
      -7439.482617685481,
      1283196.7698098016,
      5844168.666210774,
      -4589328.963207012,
      -35386.26855435419,
      11735.955809469839,
      7439.482617685481,
      -1283196.7698098016,
      15952506.020525662,
      -29795429.233393602
    ]
  },
  "rf": {
    "0": [
      1315.1418368465675,
      264.0441905293449,
      199.854558340057,
      -1701577.9852124916,
      2357412.784833975,
      2676101.23885602
    ],
    "1": [
      -3.2309799280483276e-10,
      -2.3874235921539366e-12,
      -2.0185098037472926e-10,
      3.259629011154175e-09,
      -2.6775524020195007e-09,
      -5.820766091346741e-09
    ],
    "2": [
      -2.979504643008113e-09,
      2.086153472191654e-11,
      -1.4486545296676923e-09,
      -7.916241884231567e-09,
      -2.2118911147117615e-09,
      1.1874362826347351e-08
    ],
    "3": [
      -2.830802259268239e-10,
      -1.028865881380625e-11,
      -6.247375949897105e-10,
      -2.561137080192566e-09,
      -4.889443516731262e-09,
      2.1420419216156006e-08
    ],
    "4": [
      -1.1116071618744172e-08,
      5.297806637827307e-11,
      -2.6304576294933213e-09,
      -3.259629011154175e-09,
      -9.778887033462524e-09,
      1.3853423297405243e-08
    ],
    "5": [
      -9.081304597202688e-10,
      3.416289473534562e-11,
      1.6114540812850464e-09,
      7.566995918750763e-10,
      -2.0954757928848267e-09,
      1.0128132998943329e-08
    ],
    "6": [
      1.47451828524936e-09,
      -7.51469997339882e-11,
      -2.8705926524708048e-11,
      -3.259629011154175e-09,
      -1.3969838619232178e-09,
      -8.381903171539307e-09
    ],
    "7": [
      9.508767107035965e-10,
      4.525304575508926e-10,
      5.930274937782087e-09,
      5.529727786779404e-09,
      -1.5133991837501526e-09,
      4.330649971961975e-08
    ],
    "8": [
      2.4028850020840764e-09,
      -4.839080247620586e-10,
      2.0628760921681533e-09,
      1.7462298274040222e-09,
      -8.96397978067398e-09,
      1.0710209608078003e-08
    ],