{
  "disp": {
    "0": [
      0.0,
      0.0,
      0.0,
      0.0,
      0.0,
      0.0
    ],
    "1": [
      -3.4686842383209955,
      0.0,
      5.616260298300505,
      0.0,
      -0.0033431452597180366,
      0.0
    ],
    "2": [
      -6.813472059311068,
      0.0,
      12.238428284431187,
      0.0,
      -0.0013458672824644227,
      0.0
    ],
    "3": [
      -6.229362988257095,
      0.0,
      10.65607684902571,
      0.0,
      0.002727720154856255,
      0.0
    ],
    "4": [
      -3.100865929491249,
      0.0,
      -0.7115190320749731,
      0.0,
      0.0060259497185029915,
      0.0
    ],
    "5": [
      -0.470896704313372,
      0.0,
      -16.65607807300526,
      0.0,
      0.005955310526504092,
      0.0
    ],
    "6": [
      -1.02297631283314e-11,
      0.0,
      -25.60207714429408,
      0.0,
      7.18120645195486e-15,
      0.0
    ],
    "7": [
      0.47089670429101593,
      0.0,
      -16.65607807303935,
      0.0,
      -0.005955310526491915,
      0.0
    ],
    "8": [
      3.1008659294653085,
      0.0,
      -0.711519032130619,
      0.0,
      -0.00602594971849925,
      0.0
    ],
    "9": [
      6.229362988232319,
      0.0,
      10.656076848974102,
      0.0,
      -0.0027277201548622414,
      0.0
    ],
    "10": [
      6.813472059294348,
      0.0,
      12.238428284400156,
      0.0,
      0.0013458672824551686,
      0.0
    ],
    "11": [
      3.468684238314867,
      0.0,
      5.61626029829055,
      0.0,
      0.0033431452597110036,
      0.0
    ],
    "12": [
      0.0,
      0.0,
      0.0,
      0.0,
      0.0,
      0.0
    ]
  },
  "freq": [],
  "freqerr": null,
  "mf": {
    "0": [
      72377.15492460928,
      0.0,
      -14931.84035707251,
      -0.0,
      42836282.321926184,
      0.0,
      -72377.15492460928,
      0.0,
      14931.84035707251,
      0.0,
      911983.984077774,
      0.0
    ],
    "1": [
      73382.67046395938,
      0.0,
      -8740.48551322736,
      -0.0,
      -911983.9840778038,
      0.0,
      -73382.67046395938,
      0.0,
      8740.48551322736,
      0.0,
      25342383.688988447,
      0.0
    ],
    "2": [
      73876.78742804835,
      0.0,
      -1905.961894467359,
      -0.0,
      -25342383.688988432,
      0.0,
      -73876.78742804835,
      0.0,
      1905.961894467359,
      0.0,
      30454916.792806968,
      0.0
    ],
    "3": [
      73698.2942002754,
      0.0,
      5474.837294755993,
      -0.0,
      -30454916.792807013,
      0.0,
      -73698.2942002754,
      0.0,
      -5474.837294755993,
      0.0,
      16249583.295532636,
      0.0
    ],
    "4": [
      72708.0691347826,
      0.0,
      13226.832353788845,
      -0.0,
      -16249583.295532709,
      0.0,
      -72708.0691347826,
      0.0,
      -13226.832353788845,
      0.0,
      -17273616.802868534,
      0.0
    ],
    "5": [
      70823.99656545225,
      0.0,
      21103.884048203417,
      -0.0,
      17273616.80286862,
      0.0,
      -70823.99656545225,
      0.0,
      -21103.884048203417,
      0.0,
      -70114683.5023436,
      0.0
    ],
    "6": [
      70823.99656545043,
      0.0,
      -21103.88404819054,
      -0.0,
      70114683.5023435,
      0.0,
      -70823.99656545043,
      0.0,
      21103.88404819054,
      0.0,
      -17273616.80290077,
      0.0
    ],
    "7": [
      72708.06913477546,
      0.0,
      -13226.832353766058,
      -0.0,
      17273616.8029008,
      0.0,
      -72708.06913477546,
      0.0,
      13226.832353766058,
      0.0,
      16249583.295442693,
      0.0
    ],
    "8": [
      73698.29420016827,
      0.0,
      -5474.83729477227,
      -0.0,
      -16249583.29544264,
      0.0,
      -73698.29420016827,
      0.0,
      5474.83729477227,
      0.0,
      30454916.79275925,
      0.0
    ],
    "9": [
      73876.78742792219,
      0.0,
      1905.961894448431,
      -0.0,
      -30454916.792759202,
      0.0,
      -73876.78742792219,
      0.0,
      -1905.961894448431,
      0.0,
      25342383.68899144,
      0.0
    ],
    "10": [
      73382.67046384804,
      0.0,
      8740.48551321904,
      -0.0,
      -25342383.68899142,
      0.0,
      -73382.67046384804,
      0.0,
      -8740.48551321904,
      0.0,
      911983.9841040336,
      0.0
    ],
    "11": [
      72377.15492451853,
      0.0,
      14931.840357060337,
      -0.0,
      -911983.9841040447,
      0.0,
      -72377.15492451853,
      0.0,
      -14931.840357060337,
      0.0,
      -42836282.321864255,
      0.0
    ]
  },
  "rf": {
    "0": [
      69544.31976394322,
      0.0,
      25000.00000000816,
      0.0,
      42836282.321926184,
      0.0
    ],
    "1": [
      -5.8353180065751076e-09,
      0.0,
      -3.7180143408477306e-09,
      0.0,
      -2.9802322387695312e-08,
      0.0
    ],
    "2": [
      2.0459992811083794e-08,
      0.0,
      7.30506144464016e-09,
      0.0,
      1.4901161193847656e-08,
      0.0
    ],
    "3": [
      1.5192199498414993e-08,
      0.0,
      1.6261765267699957e-09,
      0.0,
      -4.470348358154297e-08,
      0.0
    ],
    "4": [
      -7.665948942303658e-08,
      0.0,
      -3.496097633615136e-09,
      0.0,
      -7.264316082000732e-08,
      0.0
    ],
    "5": [
      -1.2951204553246498e-09,
      0.0,
      -3.474269760772586e-09,
      0.0,
      8.568167686462402e-08,
      0.0
    ],
    "6": [
      -1.1059455573558807e-09,
      0.0,
      1.7826096154749393e-10,
      0.0,
      -8.940696716308594e-08,
      0.0
    ],
    "7": [
      -9.022187441587448e-10,
      0.0,
      7.163180271163583e-09,
      0.0,
      2.9802322387695312e-08,
      0.0
    ],
    "8": [
      -2.7619535103440285e-08,
      0.0,
      -1.412263372913003e-08,
      0.0,
      5.21540641784668e-08,
      0.0
    ],
    "9": [
      -3.204331733286381e-08,
      0.0,
      1.6705598682165146e-08,
      0.0,
      4.842877388000488e-08,
      0.0
    ],
    "10": [
      6.693881005048752e-10,
      0.0,
      2.1609594114124775e-08,
      0.0,
      1.862645149230957e-08,
      0.0
    ],
    "11": [
      2.5363988243043423e-08,
      0.0,
      -9.1749825514853e-09,
      0.0,
      -1.1175870895385742e-08,
      0.0
    ],
    "12": [
      -69544.31976385944,
      0.0,
      24999.999999971238,
      0.0,
      -42836282.321864255,
      0.0
    ]
  },
  "runtime_ms": 0.47989998711273074,
  "sf": {},
  "status": 0
}