{
  "disp": {
    "0": [
      0.0,
      0.0,
      0.0,
      0.0,
      0.0,
      0.0
    ],
    "1": [
      0.005337878605794971,
      0.0,
      -0.010933911857971074,
      0.0,
      5.710156625988445e-06,
      0.0
    ],
    "2": [
      0.009514995484521336,
      0.0,
      -0.021608779602538784,
      0.0,
      1.7701641160445447e-06,
      0.0
    ],
    "3": [
      0.00782784799653256,
      0.0,
      -0.019900586579332514,
      0.0,
      -3.1234340005679294e-06,
      0.0
    ],
    "4": [
      0.0038829333993076606,
      0.0,
      -0.009029863176503613,
      0.0,
      -5.1378955371272775e-06,
      0.0
    ],
    "5": [
      0.001098384841452937,
      0.0,
      0.002500348812162334,
      0.0,
      -3.6619189817542284e-06,
      0.0
    ],
    "6": [
      8.337927743867207e-15,
      0.0,
      0.007287621992371986,
      0.0,
      -2.785670540178393e-18,
      0.0
    ],
    "7": [
      -0.0010983848414353504,
      0.0,
      0.002500348812178691,
      0.0,
      3.661918981745742e-06,
      0.0
    ],
    "8": [
      -0.003882933399286345,
      0.0,
      -0.009029863176464842,
      0.0,
      5.137895537120304e-06,
      0.0
    ],
    "9": [
      -0.007827847996509448,
      0.0,
      -0.01990058657928716,
      0.0,
      3.123434000569427e-06,
      0.0
    ],
    "10": [
      -0.009514995484502867,
      0.0,
      -0.021608779602505165,
      0.0,
      -1.7701641160374646e-06,
      0.0
    ],
    "11": [
      -0.0053378786057866135,
      0.0,
      -0.01093391185795752,
      0.0,
      -5.710156625980105e-06,
      0.0
    ],
    "12": [
      0.0,
      0.0,
      0.0,
      0.0,
      0.0,
      0.0
    ]
  },
  "freq": [],
  "freqerr": null,
  "mf": {
    "0": [
      2663.142965216336,
      0.0,
      32.85368683846047,
      -0.0,
      -83932.17778533614,
      0.0,
      -2663.142965216336,
      0.0,
      -32.85368683846047,
      0.0,
      -12324.667089264221,
      0.0
    ],
    "1": [
      2526.334983732853,
      0.0,
      9.710674595101647,
      -0.0,
      12324.667089264225,
      0.0,
      -2526.334983732853,
      0.0,
      -9.710674595101647,
      0.0,
      -39466.82771679864,
      0.0
    ],
    "2": [
      2418.090270364046,
      0.0,
      -4.437979665274775,
      -0.0,
      39466.827716798594,
      0.0,
      -2418.090270364046,
      0.0,
      4.437979665274775,
      0.0,
      -27562.43549434466,
      0.0
    ],
    "3": [
      2337.824947813867,
      0.0,
      -10.251497970078482,
      -0.0,
      27562.43549434479,
      0.0,
      -2337.824947813867,
      0.0,
      10.251497970078482,
      0.0,
      -963.2984476453057,
      0.0
    ],
    "4": [
      2284.855002485076,
      0.0,
      -9.202404836900097,
      -0.0,
      963.298447645353,
      0.0,
      -2284.855002485076,
      0.0,
      9.202404836900097,
      0.0,
      22360.0529400759,
      0.0
    ],
    "5": [
      2258.5576227675247,
      0.0,
      -3.600423487076314,
      -0.0,
      -22360.052940075955,
      0.0,
      -2258.5576227675247,
      0.0,
      3.600423487076314,
      0.0,
      31374.991478991586,
      0.0
    ],
    "6": [
      2258.5576227675238,
      0.0,
      3.600423487093392,
      -0.0,
      -31374.991478991575,
      0.0,
      -2258.5576227675238,
      0.0,
      -3.600423487093392,
      0.0,
      22360.052940033183,
      0.0
    ],
    "7": [
      2284.8550024850824,
      0.0,
      9.202404836857745,
      -0.0,
      -22360.052940033194,
      0.0,
      -2284.8550024850824,
      0.0,
      -9.202404836857745,
      0.0,
      -963.2984475807152,
      0.0
    ],
    "8": [
      2337.8249478139464,
      0.0,
      10.25149797008199,
      -0.0,
      963.2984475807752,
      0.0,
      -2337.8249478139464,
      0.0,
      -10.25149797008199,
      0.0,
      -27562.435494289362,
      0.0
    ],
    "9": [
      2418.090270364233,
      0.0,
      4.437979665287497,
      -0.0,
      27562.435494289362,
      0.0,
      -2418.090270364233,
      0.0,
      -4.437979665287497,
      0.0,
      -39466.82771677742,
      0.0
    ],
    "10": [
      2526.334983733018,
      0.0,
      -9.710674595092359,
      -0.0,
      39466.82771677738,
      0.0,
      -2526.334983733018,
      0.0,
      9.710674595092359,
      0.0,
      -12324.667089268933,
      0.0
    ],
    "11": [
      2663.1429652164893,
      0.0,
      -32.85368683842798,
      -0.0,
      12324.667089268929,
      0.0,
      -2663.1429652164893,
      0.0,
      32.85368683842798,
      0.0,
      83932.17778523626,
      0.0
    ]
  },
  "rf": {
    "0": [
      2255.279957324597,
      0.0,
      1559.1207845277645,
      0.0,
      -83932.17778533614,
      0.0
    ],
    "1": [
      -8.640199666842818e-12,
      0.0,
      -2.9558577807620168e-12,
      0.0,
      3.637978807091713e-12,
      0.0
    ],
    "2": [
      1.8189894035458565e-11,
      0.0,
      8.412825991399586e-12,
      0.0,
      -4.3655745685100555e-11,
      0.0
    ],
    "3": [
      4.274625098332763e-11,
      0.0,
      1.4665602066088468e-11,
      0.0,
      1.3096723705530167e-10,
      0.0
    ],
    "4": [
      6.730260793119669e-11,
      0.0,
      -1.5347723092418164e-12,
      0.0,
      4.729372449219227e-11,
      0.0
    ],
    "5": [
      0.0,
      0.0,
      3.424815986363683e-12,
      0.0,
      -5.4569682106375694e-11,
      0.0
    ],
    "6": [
      4.547473508864641e-13,
      0.0,
      -9.947598300641403e-14,
      0.0,
      1.0913936421275139e-11,
      0.0
    ],
    "7": [
      -9.094947017729282e-13,
      0.0,
      -5.81508174946066e-11,
      0.0,
      -1.0913936421275139e-11,
      0.0
    ],
    "8": [
      1.0913936421275139e-11,
      0.0,
      2.432898327242583e-11,
      0.0,
      6.002665031701326e-11,
      0.0
    ],
    "9": [
      5.911715561524034e-11,
      0.0,
      -2.4101609596982598e-11,
      0.0,
      0.0,
      0.0
    ],
    "10": [
      -4.5929482439532876e-11,
      0.0,
      2.2737367544323206e-13,
      0.0,
      -4.3655745685100555e-11,
      0.0
    ],
    "11": [
      4.092726157978177e-12,
      0.0,
      8.640199666842818e-12,
      0.0,
      -3.637978807091713e-12,
      0.0
    ],
    "12": [
      -2255.2799573247444,
      0.0,
      1559.1207845278172,
      0.0,
      83932.17778523626,
      0.0
    ]
  },
  "runtime_ms": 0.4144000122323632,
  "sf": {},
  "status": 0
}