{
  "disp": {
    "0": [
      0.0,
      0.0,
      0.0,
      0.0,
      0.0,
      0.0
    ],
    "1": [
      2.1873186699406584,
      -1.0095316938187653,
      -0.05374793958900707,
      0.0026471840044254126,
      0.005735565342921727,
      0.0
    ],
    "2": [
      8.4492088556146,
      -3.899634856437507,
      -0.10749587917801413,
      0.005009803408048377,
      0.010854574050771483,
      0.0
    ],
    "3": [
      18.299595308420145,
      -8.445967065424682,
      -0.1612438187670212,
      0.007059343849804747,
      0.015295245007910284,
      0.0
    ],
    "4": [
      31.209093358830092,
      -14.404196934844657,
      -0.21499175835602827,
      0.008771069506361235,
      0.019003983930449345,
      0.0
    ],
    "5": [
      46.61139803923797,
      -21.512952941186754,
      -0.2687396979450353,
      0.010124321627798595,
      0.021936030193563622,
      0.0
    ],
    "6": [
      63.910118796436066,
      -29.496977906047412,
      -0.3224876375340424,
      0.011102767867255406,
      0.024055997045720045,
      0.0
    ],
    "7": [
      82.48597730584794,
      -38.07045106423751,
      -0.37623557712304945,
      0.011694599395382792,
      0.025338298689996052,
      0.0
    ],
    "8": [
      101.70428151737731,
      -46.94043762340491,
      -0.42998351671205653,
      0.011892673420643408,
      0.025767459078060717,
      0.0
    ]
  },
  "freq": [],
  "freqerr": null,
  "mf": {
    "0": [
      573311.3556160755,
      -12771.701311894178,
      -27672.01950910425,
      -0.0,
      214308219.50868663,
      -98911485.9270861,
      -573311.3556160755,
      12771.701311894178,
      27672.01950910425,
      0.0,
      -193554204.87685844,
      89332709.94316547
    ],
    "1": [
      573311.3556160755,
      -14209.238616041303,
      -30786.6836680907,
      -0.0,
      193554204.87685868,
      -89332709.94316535,
      -573311.3556160755,
      14209.238616041303,
      30786.6836680907,
      0.0,
      -170464192.12579066,
      78675780.98113437
    ],
    "2": [
      573311.3556160756,
      -15475.285175754248,
      -33529.7845474658,
      -0.0,
      170464192.1257904,
      -78675780.98113431,
      -573311.3556160756,
      15475.285175754248,
      33529.7845474658,
      0.0,
      -145316853.71519104,
      67069317.09931862
    ],
    "3": [
      573311.3556160753,
      -16554.561124679563,
      -35868.21577013886,
      -0.0,
      145316853.7151909,
      -67069317.099318884,
      -573311.3556160753,
      16554.561124679563,
      35868.21577013886,
      0.0,
      -118415691.88758674,
      54653396.25580921
    ],
    "4": [
      573311.3556160753,
      -17434.04072365272,
      -37773.754901248874,
      -0.0,
      118415691.88758709,
      -54653396.25580922,
      -573311.3556160753,
      17434.04072365272,
      37773.754901248874,
      0.0,
      -90085375.71165043,
      41577865.71306968
    ],
    "5": [
      573311.3556160757,
      -18103.109567835974,
      -39223.40406364733,
      -0.0,
      90085375.71165167,
      -41577865.71306956,
      -573311.3556160757,
      18103.109567835974,
      39223.40406364733,
      0.0,
      -60667822.66391617,
      28000533.537192576
    ],
    "6": [
      573311.3556160751,
      -18553.69269154948,
      -40199.667498352916,
      -0.0,
      60667822.66391815,
      -28000533.53719369,
      -573311.3556160751,
      18553.69269154948,
      40199.667498352916,
      0.0,
      -30518072.040153466,
      14085264.01853158
    ],
    "7": [
      573311.3556160757,
      -18780.352024709595,
      -40690.76272020528,
      -0.0,
      30518072.040153965,
      -14085264.018532446,
      -573311.3556160757,
      18780.352024709595,
      40690.76272020528,
      0.0,
      0.0,
      2.477318048477173e-07
    ]
  },
  "rf": {
    "0": [
      -26000.00000000021,
      12000.000000000005,
      573311.3556160755,
      -98911485.9270861,
      -214308219.50868663,
      0.0
    ],
    "1": [
      -1.8917489796876907e-10,
      -3.80168785341084e-10,
      0.0,
      1.1920928955078125e-07,
      -2.384185791015625e-07,
      0.0
    ],
    "2": [
      1.495209289714694e-09,
      6.693881005048752e-10,
      1.1641532182693481e-10,
      5.960464477539063e-08,
      2.682209014892578e-07,
      0.0
    ],
    "3": [
      -1.8080754671245813e-09,
      1.255102688446641e-10,
      -2.3283064365386963e-10,
      -2.60770320892334e-07,
      1.4901161193847656e-07,
      0.0
    ],
    "4": [
      4.547473508864641e-10,
      -9.058567229658365e-10,
      0.0,
      -7.450580596923828e-09,
      -3.427267074584961e-07,
      0.0
    ],
    "5": [
      -2.8194335754960775e-09,
      6.530171958729625e-10,
      3.4924596548080444e-10,
      1.1920928955078125e-07,
      -1.2367963790893555e-06,
      0.0
    ],
    "6": [
      1.2587406672537327e-09,
      2.648448571562767e-09,
      -5.820766091346741e-10,
      -1.1138617992401123e-06,
      -1.9818544387817383e-06,
      0.0
    ],
    "7": [
      1.9208528101444244e-09,
      -3.39787220582366e-09,
      5.820766091346741e-10,
      -8.66129994392395e-07,
      -4.991888999938965e-07,
      0.0
    ],
    "8": [
      -1.0186340659856796e-10,
      5.820766091346741e-10,
      -2.3283064365386963e-10,
      2.477318048477173e-07,
      0.0,
      0.0
    ]
  },
  "runtime_ms": 0.2330999996047467,
  "sf": {},
  "status": 0
}