{
  "disp": {
    "0": [
      0.0,
      0.0,
      0.0,
      0.0,
      0.0,
      0.0
    ],
    "1": [
      0.08268511770547803,
      0.0,
      -0.051467470839007066,
      0.0,
      0.00021676524252039174,
      0.0
    ],
    "2": [
      0.31925832294284695,
      0.0,
      -0.10292650417801413,
      0.0,
      0.00040997232168982065,
      0.0
    ],
    "3": [
      0.6911960285518091,
      0.0,
      -0.1543771000170212,
      0.0,
      0.0005773891141056496,
      0.0
    ],
    "4": [
      1.1784110637430454,
      0.0,
      -0.20581925835602827,
      0.0,
      0.0007170821850883745,
      0.0
    ],
    "5": [
      1.759485236193445,
      0.0,
      -0.2572529791950353,
      0.0,
      0.000827438976107396,
      0.0
    ],
    "6": [
      2.4119171540413653,
      0.0,
      -0.3086782625340424,
      0.0,
      0.0009071862716753206,
      0.0
    ],
    "7": [
      3.11238243576989,
      0.0,
      -0.3600951083730495,
      0.0,
      0.0009554047354971022,
      0.0
    ],
    "8": [
      3.8370032952704296,
      0.0,
      -0.41150351671205654,
      0.0,
      0.0009715393512525272,
      0.0
    ]
  },
  "freq": [],
  "freqerr": null,
  "mf": {
    "0": [
      548986.3556160755,
      0.0,
      -1060.524001910422,
      -0.0,
      8104905.12366367,
      0.0,
      -548986.3556160755,
      0.0,
      1060.524001910422,
      0.0,
      -7309512.122230854,
      0.0
    ],
    "1": [
      548896.3556160755,
      0.0,
      -1173.1388935883044,
      -0.0,
      7309512.122230865,
      0.0,
      -548896.3556160755,
      0.0,
      1173.1388935883044,
      0.0,
      -6429657.952039637,
      0.0
    ],
    "2": [
      548806.3556160756,
      0.0,
      -1272.1623689752853,
      -0.0,
      6429657.952039651,
      0.0,
      -548806.3556160756,
      0.0,
      1272.1623689752853,
      0.0,
      -5475536.175308187,
      0.0
    ],
    "3": [
      548716.3556160753,
      0.0,
      -1356.4571446819975,
      -0.0,
      5475536.175308189,
      0.0,
      -548716.3556160753,
      0.0,
      1356.4571446819975,
      0.0,
      -4458193.316796691,
      0.0
    ],
    "4": [
      548626.3556160752,
      0.0,
      -1425.056807432084,
      -0.0,
      4458193.316796685,
      0.0,
      -548626.3556160752,
      0.0,
      1425.056807432084,
      0.0,
      -3389400.7112226216,
      0.0
    ],
    "5": [
      548536.3556160757,
      0.0,
      -1477.1768353386615,
      -0.0,
      3389400.7112226523,
      0.0,
      -548536.3556160757,
      0.0,
      1477.1768353386615,
      0.0,
      -2281518.0847186563,
      0.0
    ],
    "6": [
      548446.3556160756,
      0.0,
      -1512.2235079993254,
      -0.0,
      2281518.0847186483,
      0.0,
      -548446.3556160756,
      0.0,
      1512.2235079993254,
      0.0,
      -1147350.4537191542,
      0.0
    ],
    "7": [
      548356.3556160753,
      0.0,
      -1529.800604959016,
      -0.0,
      1147350.453719185,
      0.0,
      -548356.3556160753,
      0.0,
      1529.800604959016,
      0.0,
      7.718335837125778e-08,
      0.0
    ]
  },
  "rf": {
    "0": [
      -999.9999999999998,
      0.0,
      549031.3556160755,
      0.0,
      -8104905.12366367,
      0.0
    ],
    "1": [
      -3.0468072509393096e-11,
      0.0,
      0.0,
      0.0,
      -1.1175870895385742e-08,
      0.0
    ],
    "2": [
      2.3987922759260982e-11,
      0.0,
      1.1641532182693481e-10,
      0.0,
      -1.3969838619232178e-08,
      0.0
    ],
    "3": [
      -5.684341886080801e-13,
      0.0,
      -2.3283064365386963e-10,
      0.0,
      -2.7939677238464355e-09,
      0.0
    ],
    "4": [
      4.217781679471955e-11,
      0.0,
      -1.1641532182693481e-10,
      0.0,
      6.51925802230835e-09,
      0.0
    ],
    "5": [
      -1.567741492181085e-10,
      0.0,
      4.656612873077393e-10,
      0.0,
      -3.073364496231079e-08,
      0.0
    ],
    "6": [
      2.587512426543981e-10,
      0.0,
      -1.1641532182693481e-10,
      0.0,
      7.916241884231567e-09,
      0.0
    ],
    "7": [
      -3.4799541026586667e-10,
      0.0,
      -2.3283064365386963e-10,
      0.0,
      -3.073364496231079e-08,
      0.0
    ],
    "8": [
      2.106617102981545e-10,
      0.0,
      1.1641532182693481e-10,
      0.0,
      -7.718335837125778e-08,
      0.0
    ]
  },
  "runtime_ms": 1.9548999844118953,
  "sf": {},
  "status": 0
}