{
  "disp": {
    "0": [
      0.0,
      0.0,
      0.0,
      0.0,
      0.0,
      0.0
    ],
    "1": [
      0.08564323550510983,
      0.0,
      -0.056091689589007065,
      0.0,
      0.000224626142657892,
      0.0
    ],
    "2": [
      0.3309696023294408,
      0.0,
      -0.11218337917801413,
      0.0,
      0.000425373838686195,
      0.0
    ],
    "3": [
      0.7171023207719418,
      0.0,
      -0.1682750687670212,
      0.0,
      0.0005997148436646561,
      0.0
    ],
    "4": [
      1.2233912763443744,
      0.0,
      -0.22436675835602826,
      0.0,
      0.0007454534827149152,
      0.0
    ],
    "5": [
      1.8276730901868903,
      0.0,
      -0.2804584479450353,
      0.0,
      0.0008607543031354769,
      0.0
    ],
    "6": [
      2.5065502477456953,
      0.0,
      -0.3365501375340424,
      0.0,
      0.0009441651903484599,
      0.0
    ],
    "7": [
      3.235685770327387,
      0.0,
      -0.39264182712304946,
      0.0,
      0.0009946356560326687,
      0.0
    ],
    "8": [
      3.9901097183954044,
      0.0,
      -0.4487335167120565,
      0.0,
      0.0010115300681197005,
      0.0
    ]
  },
  "freq": [],
  "freqerr": null,
  "mf": {
    "0": [
      598311.3556160755,
      0.0,
      -1068.3217604458741,
      -0.0,
      8387327.95467003,
      0.0,
      -598311.3556160755,
      0.0,
      1068.3217604458741,
      0.0,
      -7586086.634335624,
      0.0
    ],
    "1": [
      598311.3556160755,
      0.0,
      -1195.7087348040714,
      -0.0,
      7586086.634335633,
      0.0,
      -598311.3556160755,
      0.0,
      1195.7087348040714,
      0.0,
      -6689305.08323258,
      0.0
    ],
    "2": [
      598311.3556160755,
      0.0,
      -1308.0367869586535,
      -0.0,
      6689305.083232559,
      0.0,
      -598311.3556160755,
      0.0,
      1308.0367869586535,
      0.0,
      -5708277.493013569,
      0.0
    ],
    "3": [
      598311.3556160755,
      0.0,
      -1403.8912417892961,
      -0.0,
      5708277.493013531,
      0.0,
      -598311.3556160755,
      0.0,
      1403.8912417892961,
      0.0,
      -4655359.061671559,
      0.0
    ],
    "4": [
      598311.3556160755,
      0.0,
      -1482.0648949523393,
      -0.0,
      4655359.061671544,
      0.0,
      -598311.3556160755,
      0.0,
      1482.0648949523393,
      0.0,
      -3543810.3904572893,
      0.0
    ],
    "5": [
      598311.3556160755,
      0.0,
      -1541.5732165811733,
      -0.0,
      3543810.390457336,
      0.0,
      -598311.3556160755,
      0.0,
      1541.5732165811733,
      0.0,
      -2387630.478021456,
      0.0
    ],
    "6": [
      598311.3556160755,
      0.0,
      -1581.666750591657,
      -0.0,
      2387630.478021518,
      0.0,
      -598311.3556160755,
      0.0,
      1581.666750591657,
      0.0,
      -1201380.415077775,
      0.0
    ],
    "7": [
      598311.3556160755,
      0.0,
      -1601.8405534371261,
      -0.0,
      1201380.415077829,
      0.0,
      -598311.3556160755,
      0.0,
      1601.8405534371261,
      0.0,
      1.548323780298233e-08,
      0.0
    ]
  },
  "rf": {
    "0": [
      -999.9999999999953,
      0.0,
      598311.3556160755,
      0.0,
      -8387327.95467003,
      0.0
    ],
    "1": [
      -3.3310243452433497e-11,
      0.0,
      0.0,
      0.0,
      -9.313225746154785e-09,
      0.0
    ],
    "2": [
      1.127773430198431e-10,
      0.0,
      0.0,
      0.0,
      2.0489096641540527e-08,
      0.0
    ],
    "3": [
      -6.139089236967266e-11,
      0.0,
      0.0,
      0.0,
      3.818422555923462e-08,
      0.0
    ],
    "4": [
      -1.9895196601282805e-11,
      0.0,
      0.0,
      0.0,
      1.4901161193847656e-08,
      0.0
    ],
    "5": [
      -1.1391421139705926e-10,
      0.0,
      0.0,
      0.0,
      -4.6566128730773926e-08,
      0.0
    ],
    "6": [
      3.728928277269006e-11,
      0.0,
      0.0,
      0.0,
      -6.193295121192932e-08,
      0.0
    ],
    "7": [
      2.3987922759260982e-11,
      0.0,
      0.0,
      0.0,
      -5.4016709327697754e-08,
      0.0
    ],
    "8": [
      4.979483492206782e-11,
      0.0,
      0.0,
      0.0,
      -1.548323780298233e-08,
      0.0
    ]
  },
  "runtime_ms": 0.2971000212710351,
  "sf": {},
  "status": 0
}