{
  "disp": {
    "0": [
      0.0,
      0.0,
      0.0,
      0.0,
      0.02,
      0.0
    ],
    "1": [
      0.0,
      0.0,
      -27.142857142857142,
      0.0,
      -0.005,
      0.0
    ],
    "2": [
      0.0,
      0.0,
      0.0,
      0.0,
      0.0,
      0.0
    ]
  },
  "freq": [],
  "freqerr": null,
  "mf": {
    "0": [
      0.0,
      0.0,
      31875.0,
      -0.0,
      -9999999.999999996,
      0.0,
      0.0,
      0.0,
      -31875.0,
      0.0,
      -53750000.0,
      0.0
    ],
    "1": [
      0.0,
      0.0,
      -58125.0,
      -0.0,
      53750000.0,
      0.0,
      0.0,
      0.0,
      58125.0,
      0.0,
      62500000.0,
      0.0
    ]
  },
  "rf": {
    "0": [
      0.0,
      0.0,
      31875.0,
      0.0,
      3.725290298461914e-09,
      0.0
    ],
    "1": [
      0.0,
      0.0,
      0.0,
      0.0,
      0.0,
      0.0
    ],
    "2": [
      0.0,
      0.0,
      58125.0,
      0.0,
      62500000.0,
      0.0
    ]
  },
  "runtime_ms": 0.18370000179857016,
  "sf": {},
  "status": 0
}