{
  "disp": {
    "0": [
      0.0,
      0.0,
      0.0,
      0.0,
      0.006323809523809523,
      0.0
    ],
    "1": [
      0.0,
      0.0,
      -11.085714285714284,
      0.0,
      -0.0015809523809523808,
      0.0
    ],
    "2": [
      0.0,
      0.0,
      0.0,
      0.0,
      0.0,
      0.0
    ]
  },
  "freq": [],
  "freqerr": null,
  "mf": {
    "0": [
      0.0,
      0.0,
      17449.999999999996,
      -0.0,
      -9999999.999999996,
      0.0,
      0.0,
      0.0,
      -15849.999999999996,
      0.0,
      -23299999.999999993,
      0.0
    ],
    "1": [
      0.0,
      0.0,
      -24149.999999999996,
      -0.0,
      23299999.999999996,
      0.0,
      0.0,
      0.0,
      25749.999999999996,
      0.0,
      26599999.999999996,
      0.0
    ]
  },
  "rf": {
    "0": [
      0.0,
      0.0,
      17449.999999999996,
      0.0,
      3.725290298461914e-09,
      0.0
    ],
    "1": [
      0.0,
      0.0,
      7.275957614183426e-12,
      0.0,
      3.725290298461914e-09,
      0.0
    ],
    "2": [
      0.0,
      0.0,
      25749.999999999996,
      0.0,
      26599999.999999996,
      0.0
    ]
  },
  "runtime_ms": 0.1714999962132424,
  "sf": {},
  "status": 0
}