{
  "disp": {
    "0": [
      0.0,
      0.0,
      0.0,
      0.0,
      0.005731428571428571,
      0.0
    ],
    "1": [
      0.0,
      0.0,
      -10.496190476190476,
      0.0,
      -0.0014328571428571428,
      0.0
    ],
    "2": [
      0.0,
      0.0,
      0.0,
      0.0,
      0.0,
      0.0
    ]
  },
  "freq": [],
  "freqerr": null,
  "mf": {
    "0": [
      0.0,
      0.0,
      16268.750000000004,
      -0.0,
      -10000000.000000002,
      0.0,
      0.0,
      0.0,
      -16268.750000000004,
      0.0,
      -22537500.000000004,
      0.0
    ],
    "1": [
      0.0,
      0.0,
      -23791.25,
      -0.0,
      22537500.0,
      0.0,
      0.0,
      0.0,
      23791.25,
      0.0,
      25045000.000000004,
      0.0
    ]
  },
  "rf": {
    "0": [
      0.0,
      0.0,
      16298.750000000004,
      0.0,
      -1.862645149230957e-09,
      0.0
    ],
    "1": [
      0.0,
      0.0,
      -3.637978807091713e-12,
      0.0,
      -3.725290298461914e-09,
      0.0
    ],
    "2": [
      0.0,
      0.0,
      23821.25,
      0.0,
      25045000.000000004,
      0.0
    ]
  },
  "runtime_ms": 0.1805999781936407,
  "sf": {},
  "status": 0
}