{
  "disp": {
    "0": [
      0.0,
      0.0,
      0.0,
      0.0,
      0.012857142857142857,
      0.0
    ],
    "1": [
      0.011904761904761904,
      -2.2857142857142856,
      -18.80952380952381,
      0.0,
      -0.0032142857142857142,
      0.0
    ],
    "2": [
      0.0,
      0.0,
      0.0,
      0.0,
      0.0,
      0.0
    ]
  },
  "freq": [],
  "freqerr": null,
  "mf": {
    "0": [
      -12500.0,
      5999.999999999999,
      24062.500000000007,
      -0.0,
      -10000000.000000006,
      5999999.999999999,
      12500.0,
      -5999.999999999999,
      -24062.500000000007,
      0.0,
      -38125000.00000001,
      5999999.999999999
    ],
    "1": [
      12500.0,
      -5999.999999999999,
      -40937.5,
      -0.0,
      38125000.0,
      -5999999.999999999,
      -12500.0,
      5999.999999999999,
      40937.5,
      0.0,
      43750000.0,
      -5999999.999999999
    ]
  },
  "rf": {
    "0": [
      -12500.0,
      5999.999999999999,
      24062.500000000007,
      0.0,
      -5.587935447692871e-09,
      5999999.999999999
    ],
    "1": [
      0.0,
      1.8189894035458565e-12,
      -7.275957614183426e-12,
      0.0,
      -7.450580596923828e-09,
      0.0
    ],
    "2": [
      -12500.0,
      5999.999999999999,
      40937.5,
      0.0,
      43750000.0,
      -5999999.999999999
    ]
  },
  "runtime_ms": 0.1576000067871064,
  "sf": {},
  "status": 0
}