{
  "disp": {
    "0": [
      0.0,
      0.0,
      0.0,
      0.0,
      0.0,
      0.0
    ],
    "1": [
      0.005952380952380952,
      -0.2857142857142857,
      -1.0952380952380953,
      0.0,
      0.00075,
      0.0
    ],
    "2": [
      0.0,
      0.0,
      -1.0,
      0.0,
      0.0,
      0.0
    ]
  },
  "freq": [],
  "freqerr": null,
  "mf": {
    "0": [
      -12500.0,
      5999.999999999999,
      15125.0,
      -0.0,
      -8875000.0,
      2999999.9999999995,
      12500.0,
      -5999.999999999999,
      -15125.0,
      0.0,
      -6250000.0,
      2999999.9999999995
    ],
    "1": [
      12500.0,
      -5999.999999999999,
      -9875.000000000004,
      -0.0,
      6250000.000000002,
      -2999999.9999999995,
      -12500.0,
      5999.999999999999,
      9875.000000000004,
      0.0,
      3625000.0000000014,
      -2999999.9999999995
    ]
  },
  "rf": {
    "0": [
      -12500.0,
      5999.999999999999,
      15125.0,
      0.0,
      -8875000.0,
      2999999.9999999995
    ],
    "1": [
      0.0,
      1.8189894035458565e-12,
      -3.637978807091713e-12,
      0.0,
      1.862645149230957e-09,
      0.0
    ],
    "2": [
      -12500.0,
      5999.999999999999,
      9875.000000000004,
      0.0,
      3625000.0000000014,
      -2999999.9999999995
    ]
  },
  "runtime_ms": 0.10989999282173812,
  "sf": {},
  "status": 0
}