{
  "disp": {
    "0": [
      0.0,
      0.0,
      0.0,
      0.0,
      0.0,
      0.0
    ],
    "1": [
      0.0,
      0.0,
      -0.5007142857142857,
      0.0,
      0.00075,
      0.0
    ],
    "2": [
      0.0,
      0.0,
      -1.0,
      0.0,
      0.0,
      0.0
    ]
  },
  "freq": [],
  "freqerr": null,
  "mf": {
    "0": [
      0.0,
      0.0,
      2639.999999999998,
      -0.0,
      -2632499.999999999,
      0.0,
      0.0,
      0.0,
      -2639.999999999998,
      0.0,
      -7499.9999999993015,
      0.0
    ],
    "1": [
      0.0,
      0.0,
      2610.000000000002,
      -0.0,
      7499.9999999993015,
      0.0,
      0.0,
      0.0,
      -2610.000000000002,
      0.0,
      -2617500.000000001,
      0.0
    ]
  },
  "rf": {
    "0": [
      0.0,
      0.0,
      2654.999999999998,
      0.0,
      -2632499.999999999,
      0.0
    ],
    "1": [
      0.0,
      0.0,
      3.637978807091713e-12,
      0.0,
      0.0,
      0.0
    ],
    "2": [
      0.0,
      0.0,
      -2595.000000000002,
      0.0,
      -2617500.000000001,
      0.0
    ]
  },
  "runtime_ms": 0.15269999857991934,
  "sf": {},
  "status": 0
}