{
  "disp": {
    "0": [
      0.0,
      0.0,
      0.0,
      0.0,
      0.0,
      0.0
    ],
    "1": [
      0.0,
      0.0,
      -0.5190476190476191,
      0.0,
      0.00075,
      0.0
    ],
    "2": [
      0.0,
      0.0,
      -1.0,
      0.0,
      0.0,
      0.0
    ]
  },
  "freq": [],
  "freqerr": null,
  "mf": {
    "0": [
      0.0,
      0.0,
      3425.0,
      -0.0,
      -2891666.6666666665,
      0.0,
      0.0,
      0.0,
      -2625.0,
      0.0,
      -133333.3333333333,
      0.0
    ],
    "1": [
      0.0,
      0.0,
      2624.999999999999,
      -0.0,
      133333.33333333378,
      0.0,
      0.0,
      0.0,
      -1824.999999999999,
      0.0,
      -2358333.333333333,
      0.0
    ]
  },
  "rf": {
    "0": [
      0.0,
      0.0,
      3425.0,
      0.0,
      -2891666.6666666665,
      0.0
    ],
    "1": [
      0.0,
      0.0,
      -9.094947017729282e-13,
      0.0,
      4.656612873077393e-10,
      0.0
    ],
    "2": [
      0.0,
      0.0,
      -1824.999999999999,
      0.0,
      -2358333.333333333,
      0.0
    ]
  },
  "runtime_ms": 0.11399999493733048,
  "sf": {},
  "status": 0
}