{
  "disp": {
    "0": [
      0.0,
      0.0,
      0.0,
      0.0,
      0.0,
      0.0
    ],
    "1": [
      0.0,
      0.0,
      -0.5,
      0.0,
      0.00075,
      0.0
    ],
    "2": [
      0.0,
      0.0,
      -1.0,
      0.0,
      0.0,
      0.0
    ]
  },
  "freq": [
    848.6667065661908,
    848.6667065661908,
    3059.9113263035497
  ],
  "freqerr": null,
  "mf": {
    "0": [
      0.0,
      0.0,
      2625.0,
      -0.0,
      -2625000.0,
      0.0,
      0.0,
      0.0,
      -2625.0,
      0.0,
      0.0,
      0.0
    ],
    "1": [
      0.0,
      0.0,
      2625.0,
      -0.0,
      0.0,
      0.0,
      0.0,
      0.0,
      -2625.0,
      0.0,
      -2625000.0,
      0.0
    ]
  },
  "rf": {
    "0": [
      0.0,
      0.0,
      2625.0,
      0.0,
      -2625000.0,
      0.0
    ],
    "1": [
      0.0,
      0.0,
      0.0,
      0.0,
      0.0,
      0.0
    ],
    "2": [
      0.0,
      0.0,
      -2625.0,
      0.0,
      -2625000.0,
      0.0
    ]
  },
  "runtime_ms": 0.38679997669532895,
  "sf": {},
  "status": 0
}