{
  "disp": {
    "0": [
      0.0,
      0.0,
      0.0,
      0.0,
      0.0,
      0.0
    ],
    "1": [
      0.0,
      0.0,
      -1.6904761904761905,
      0.0,
      0.00075,
      0.0
    ],
    "2": [
      0.0,
      0.0,
      -1.0,
      0.0,
      0.0,
      0.0
    ]
  },
  "freq": [],
  "freqerr": null,
  "mf": {
    "0": [
      0.0,
      0.0,
      27625.0,
      -0.0,
      -15125000.0,
      0.0,
      0.0,
      0.0,
      -27625.0,
      0.0,
      -12500000.0,
      0.0
    ],
    "1": [
      0.0,
      0.0,
      -22375.0,
      -0.0,
      12499999.999999998,
      0.0,
      0.0,
      0.0,
      22375.0,
      0.0,
      9875000.0,
      0.0
    ]
  },
  "rf": {
    "0": [
      0.0,
      0.0,
      27625.0,
      0.0,
      -15125000.0,
      0.0
    ],
    "1": [
      0.0,
      0.0,
      0.0,
      0.0,
      -1.862645149230957e-09,
      0.0
    ],
    "2": [
      0.0,
      0.0,
      22375.0,
      0.0,
      9875000.0,
      0.0
    ]
  },
  "runtime_ms": 0.16339999274350703,
  "sf": {},
  "status": 0
}