{
  "disp": {
    "0": [
      0.0,
      0.0,
      0.0,
      0.0,
      0.0,
      0.0
    ],
    "1": [
      0.0,
      0.0,
      0.0,
      0.0,
      0.0,
      0.0
    ],
    "2": [
      0.35648620727741026,
      0.0,
      -0.05456173624255664,
      0.0,
      9.927203225043349e-05,
      0.0
    ],
    "3": [
      0.349813447746714,
      0.0,
      -0.07495266704962436,
      0.0,
      6.533981146792614e-05,
      0.0
    ]
  },
  "freq": [],
  "freqerr": null,
  "mf": {
    "0": [
      94703.58504958046,
      0.0,
      -5243.830975170588,
      -0.0,
      12084399.758312343,
      0.0,
      -94703.58504958046,
      0.0,
      5243.830975170588,
      0.0,
      6269008.654784715,
      0.0
    ],
    "1": [
      130096.41495041944,
      0.0,
      -6756.169024829433,
      -0.0,
      13737110.53917054,
      0.0,
      -130096.41495041944,
      0.0,
      6756.169024829433,
      0.0,
      9909481.047732474,
      0.0
    ],
    "2": [
      6756.16902482994,
      0.0,
      -296.4149504195325,
      -0.0,
      6269008.65478472,
      0.0,
      -6756.16902482994,
      0.0,
      5096.414950419532,
      0.0,
      9909481.047732476,
      0.0
    ]
  },
  "rf": {
    "0": [
      -5243.830975170588,
      0.0,
      94703.58504958046,
      0.0,
      -12084399.758312343,
      0.0
    ],
    "1": [
      -6756.169024829433,
      0.0,
      130096.41495041944,
      0.0,
      -13737110.53917054,
      0.0
    ],
    "2": [
      5.284164217300713e-10,
      0.0,
      5.002220859751105e-12,
      0.0,
      5.587935447692871e-09,
      0.0
    ],
    "3": [
      -5.07498043589294e-10,
      0.0,
      9.640643838793039e-11,
      0.0,
      1.862645149230957e-09,
      0.0
    ]
  },
  "runtime_ms": 0.1922000083141029,
  "sf": {},
  "status": 0
}