{
  "disp": {
    "0": [
      0.0,
      0.0,
      0.0,
      0.0,
      0.0,
      0.0
    ],
    "1": [
      0.0,
      0.0,
      0.0,
      0.0,
      0.0,
      0.0
    ],
    "2": [
      0.35609528889969677,
      0.0,
      -0.05484152019317393,
      0.0,
      8.328321780346409e-05,
      0.0
    ],
    "3": [
      0.3502043661244281,
      0.0,
      -0.07523245100024156,
      0.0,
      8.132862591489567e-05,
      0.0
    ]
  },
  "freq": [],
  "freqerr": null,
  "mf": {
    "0": [
      95189.21004958048,
      0.0,
      -6035.440690040761,
      -0.0,
      13001401.529037973,
      0.0,
      -95189.21004958048,
      0.0,
      6035.440690040761,
      0.0,
      8122640.886104688,
      0.0
    ],
    "1": [
      130582.0399504193,
      0.0,
      -5964.559309959272,
      -0.0,
      12820108.768444933,
      0.0,
      -130582.0399504193,
      0.0,
      5964.559309959272,
      0.0,
      8055848.816412518,
      0.0
    ],
    "2": [
      5964.559309959506,
      0.0,
      -2696.4149504195348,
      -0.0,
      8122640.886104692,
      0.0,
      -5964.559309959506,
      0.0,
      2696.4149504195348,
      0.0,
      8055848.816412518,
      0.0
    ]
  },
  "rf": {
    "0": [
      -6035.440690040761,
      0.0,
      96252.33504958048,
      0.0,
      -13001401.529037973,
      0.0
    ],
    "1": [
      -5964.559309959272,
      0.0,
      131645.1649504193,
      0.0,
      -12820108.768444933,
      0.0
    ],
    "2": [
      2.673914423212409e-10,
      0.0,
      -1.1823431123048067e-11,
      0.0,
      3.725290298461914e-09,
      0.0
    ],
    "3": [
      -2.346496330574155e-10,
      0.0,
      2.3010215954855084e-10,
      0.0,
      0.0,
      0.0
    ]
  },
  "runtime_ms": 0.21009999909438193,
  "sf": {},
  "status": 0
}