{
  "disp": {
    "0": [
      0.0,
      0.0,
      0.0,
      0.0,
      0.0,
      0.0
    ],
    "1": [
      0.0,
      0.0,
      0.0,
      0.0,
      0.0,
      0.0
    ],
    "2": [
      0.36262059982933587,
      0.0,
      -0.05319999440687634,
      0.0,
      8.701196690611497e-05,
      0.0
    ],
    "3": [
      0.35672967705406716,
      0.0,
      -0.10235556114867939,
      0.0,
      8.505737501754657e-05,
      0.0
    ]
  },
  "freq": [],
  "freqerr": null,
  "mf": {
    "0": [
      92339.99029193536,
      0.0,
      -6035.440690040763,
      -0.0,
      13110617.256102676,
      0.0,
      -92339.99029193536,
      0.0,
      6035.440690040763,
      0.0,
      8013425.159039993,
      0.0
    ],
    "1": [
      177660.00970806496,
      0.0,
      -5964.559309959272,
      -0.0,
      12929324.49550963,
      0.0,
      -177660.00970806496,
      0.0,
      5964.559309959272,
      0.0,
      7946633.089347817,
      0.0
    ],
    "2": [
      5964.559309959562,
      0.0,
      -2660.0097080646356,
      -0.0,
      8013425.159039993,
      0.0,
      -5964.559309959562,
      0.0,
      2660.0097080646356,
      0.0,
      7946633.08934782,
      0.0
    ]
  },
  "rf": {
    "0": [
      -6035.440690040763,
      0.0,
      92339.99029193536,
      0.0,
      -13110617.256102676,
      0.0
    ],
    "1": [
      -5964.559309959272,
      0.0,
      177660.00970806496,
      0.0,
      -12929324.49550963,
      0.0
    ],
    "2": [
      3.246896085329354e-10,
      0.0,
      1.8189894035458565e-12,
      0.0,
      0.0,
      0.0
    ],
    "3": [
      -2.901288098655641e-10,
      0.0,
      -3.219611244276166e-10,
      0.0,
      2.7939677238464355e-09,
      0.0
    ]
  },
  "runtime_ms": 0.17789998673833907,
  "sf": {},
  "status": 0
}