{
  "disp": {
    "0": [
      0.0,
      0.0,
      0.0,
      0.0,
      0.0,
      0.0
    ],
    "1": [
      0.0,
      0.0,
      0.0,
      0.0,
      0.0,
      0.0
    ],
    "2": [
      1.0807937351283587,
      -0.36549645477718357,
      -0.049926851835205635,
      0.0001909851570403612,
      0.0002499212932991752,
      -0.0001307292337139201
    ],
    "3": [
      1.0871755681348987,
      -1.3074192592907943,
      -0.0912254115392801,
      0.0005259787204173437,
      0.00025203876784512397,
      -0.0001307292337139201
    ]
  },
  "freq": [],
  "freqerr": null,
  "mf": {
    "0": [
      86658.74997110694,
      -897.2816892635616,
      -18461.60591912256,
      2691845.0677906782,
      39628049.6679997,
      -7164232.310415742,
      -86658.74997110694,
      897.2816892635616,
      18461.60591912256,
      -2691845.0677906782,
      24987571.04892926,
      4023746.397993277
    ],
    "1": [
      158341.25002889332,
      -11102.718310736444,
      -18538.394080877493,
      2691845.0677906782,
      39824450.15864212,
      -34835767.68958428,
      -158341.25002889332,
      11102.718310736444,
      18538.394080877493,
      -2691845.0677906782,
      25059929.1244291,
      -4023746.3979932703
    ],
    "2": [
      -6461.605919121688,
      897.2816892635601,
      -8341.250028893062,
      -4023746.3979932726,
      24987571.048929267,
      2691845.0677906806,
      6461.605919121688,
      -897.2816892635601,
      8341.250028893062,
      4023746.3979932726,
      25059929.124429107,
      2691845.0677906806
    ]
  },
  "rf": {
    "0": [
      -18461.60591912256,
      897.2816892635616,
      86658.74997110694,
      -7164232.310415742,
      -39628049.6679997,
      2691845.0677906782
    ],
    "1": [
      -18538.394080877493,
      11102.718310736444,
      158341.25002889332,
      -34835767.68958428,
      -39824450.15864212,
      2691845.0677906782
    ],
    "2": [
      8.731149137020111e-10,
      -1.4779288903810084e-12,
      -1.8189894035458565e-12,
      4.190951585769653e-09,
      7.450580596923828e-09,
      2.3283064365386963e-09
    ],
    "3": [
      -8.185452315956354e-10,
      -3.637978807091713e-12,
      -2.601154847070575e-10,
      2.3283064365386963e-09,
      7.450580596923828e-09,
      2.3283064365386963e-09
    ]
  },
  "runtime_ms": 0.21279999054968357,
  "sf": {},
  "status": 0
}